id,first_name,last_name,age,email,phone,gender
1,Bob,Smith,18,bob.smith@gmail.com,773-829-8322,M
2,Ben,Johnson,20,ben.johnson@gmail.com,770-842-1724,M
3,Joe,Williams,21,joe.williams@gmail.com,908-662-2183,M
4,Marielle,Jones,22,Marielle.jones@gmail.com,513-628-8816,F
5,Elizabeth,Brown,24,Elizabeth.brown@gmail.com,334-268-6304,F
6,Kevin,Davis,18,kd@yahoo.com,563-328-1909,M
7,Christine,Hall,19,CH1232@gmail.com,660-993-3065,F
8,Devin,Allen,26,bartlett@gmail.com,630-438-6805,M
9,Jamee,Young,31,mschwartz@hotmail.com,207-294-2374,F
10,Tai,Hernandez,35,chaikin@yahoo.com,571-553-0089,M
11,Minh,King,38,jfreedma@msn.com,334-479-9951,M
12,Jordan,Wright,28,cparis@aol.com,787-933-1358,M
13,Loren,Stewart,26,jadavis@msn.com,210-463-7529,F
14,Nelson,Sanchez,40,caronni@yahoo.com,954-215-5298,M
15,Brianna,Morris,41,mccurley@verizon.net,760-907-3530,F
16,Mimi,Rogers,38,aglassis@yahoo.com,706-364-4456,F
17,June,Reed ,27,bruck@icloud.com,972-529-7308,F
18,Mike,Cook,36,yumpy@live.com,210-918-3972,M
19,Chelsea,Price,26,goldberg@comcast.net,405-284-8340,F
20,Toby,Bennett,24,weidai@me.com,330-272-6994,M
21,Athena,Wood,24,empathy@mac.com,408-387-5130,F
22,Alton,Barnes,25,makarow@yahoo.ca,804-754-4397,M
23,Kelly,Ross,28,jmorris@live.com,936-597-8383,F
24,Judson,Henderson,37,lamprecht@icloud.com,561-494-7395,M
25,Jennifer,Miller,24,webteam@gmail.com,508-741-7040,F
26,Randy,Wilson,21,scarolan@yahoo.com,703-285-9138,M
27,Jacob,Moore,18,russotto@sbcglobal.net,870-780-5791,M
28,Nancy,Taylor,19,denton@icloud.com,610-781-6861,F
29,Connie,Thomas,25,nichoj@yahoo.com,954-485-9024,F
30,Tommy,Jackson,26,tommy.jack@yahoo.com,239-569-4512,F